[{"model": "contenttypes.contenttype", "pk": 1, "fields": {"app_label": "admin", "model": "logentry"}}, {"model": "contenttypes.contenttype", "pk": 2, "fields": {"app_label": "auth", "model": "permission"}}, {"model": "contenttypes.contenttype", "pk": 3, "fields": {"app_label": "auth", "model": "group"}}, {"model": "contenttypes.contenttype", "pk": 4, "fields": {"app_label": "auth", "model": "user"}}, {"model": "contenttypes.contenttype", "pk": 5, "fields": {"app_label": "contenttypes", "model": "contenttype"}}, {"model": "contenttypes.contenttype", "pk": 6, "fields": {"app_label": "sessions", "model": "session"}}, {"model": "contenttypes.contenttype", "pk": 7, "fields": {"app_label": "files", "model": "directory"}}, {"model": "contenttypes.contenttype", "pk": 8, "fields": {"app_label": "files", "model": "file"}}, {"model": "contenttypes.contenttype", "pk": 9, "fields": {"app_label": "files", "model": "project"}}, {"model": "contenttypes.contenttype", "pk": 10, "fields": {"app_label": "authtoken", "model": "token"}}, {"model": "contenttypes.contenttype", "pk": 11, "fields": {"app_label": "arxml", "model": "composition"}}, {"model": "contenttypes.contenttype", "pk": 12, "fields": {"app_label": "arxml", "model": "connector"}}, {"model": "contenttypes.contenttype", "pk": 13, "fields": {"app_label": "arxml", "model": "dataaccess"}}, {"model": "contenttypes.contenttype", "pk": 14, "fields": {"app_label": "arxml", "model": "dataelement"}}, {"model": "contenttypes.contenttype", "pk": 15, "fields": {"app_label": "arxml", "model": "dataelementref"}}, {"model": "contenttypes.contenttype", "pk": 16, "fields": {"app_label": "arxml", "model": "datatype"}}, {"model": "contenttypes.contenttype", "pk": 17, "fields": {"app_label": "arxml", "model": "interface"}}, {"model": "contenttypes.contenttype", "pk": 18, "fields": {"app_label": "arxml", "model": "package"}}, {"model": "contenttypes.contenttype", "pk": 19, "fields": {"app_label": "arxml", "model": "port"}}, {"model": "contenttypes.contenttype", "pk": 20, "fields": {"app_label": "arxml", "model": "runnable"}}, {"model": "contenttypes.contenttype", "pk": 21, "fields": {"app_label": "arxml", "model": "softwarecomponent"}}, {"model": "contenttypes.contenttype", "pk": 22, "fields": {"app_label": "arxml", "model": "timingevent"}}, {"model": "sessions.session", "pk": "842z0kcm8kjexnxeatj2hv1teg94725z", "fields": {"session_data": "N2RhMjI4MWUzMjEyNjQ3YTkwNWEyZDJkZWUyMmYwNmQxMTcxNjJjMDp7Il9hdXRoX3VzZXJfaWQiOiIxIiwiX2F1dGhfdXNlcl9iYWNrZW5kIjoiZGphbmdvLmNvbnRyaWIuYXV0aC5iYWNrZW5kcy5Nb2RlbEJhY2tlbmQiLCJfYXV0aF91c2VyX2hhc2giOiI0NzRlY2E1NWQ4OGQyZWJmMTkyMjU4NjM0MDUwNjU1NGViNjQ3YjFjIn0=", "expire_date": "2017-07-18T22:50:25.736Z"}}, {"model": "files.directory", "pk": 1, "fields": {"project": 1, "name": "sakr3-1", "created_at": "2017-07-04T22:51:23.002Z", "parent": null}}, {"model": "files.directory", "pk": 2, "fields": {"project": 2, "name": "sakr4-2", "created_at": "2017-07-04T22:52:16.594Z", "parent": null}}, {"model": "files.directory", "pk": 3, "fields": {"project": 3, "name": "sakr5-3", "created_at": "2017-07-04T22:53:00.453Z", "parent": null}}, {"model": "files.directory", "pk": 4, "fields": {"project": 4, "name": "sakr6-4", "created_at": "2017-07-04T22:53:50.752Z", "parent": null}}, {"model": "files.directory", "pk": 5, "fields": {"project": 5, "name": "sakr7-5", "created_at": "2017-07-04T22:55:03.495Z", "parent": null}}, {"model": "files.directory", "pk": 6, "fields": {"project": 6, "name": "sakr8-6", "created_at": "2017-07-04T22:56:55.119Z", "parent": null}}, {"model": "files.directory", "pk": 7, "fields": {"project": 7, "name": "sakr9-7", "created_at": "2017-07-04T22:57:21.016Z", "parent": null}}, {"model": "files.directory", "pk": 8, "fields": {"project": 8, "name": "sakr10-8", "created_at": "2017-07-04T22:57:45.914Z", "parent": null}}, {"model": "files.directory", "pk": 9, "fields": {"project": 9, "name": "sakr11-9", "created_at": "2017-07-04T23:00:42.962Z", "parent": null}}, {"model": "files.directory", "pk": 10, "fields": {"project": 10, "name": "sakr12-10", "created_at": "2017-07-04T23:01:33.266Z", "parent": null}}, {"model": "files.directory", "pk": 11, "fields": {"project": null, "name": "sakr", "created_at": "2017-07-04T23:14:40.589Z", "parent": 10}}, {"model": "files.directory", "pk": 12, "fields": {"project": null, "name": "sakr2", "created_at": "2017-07-04T23:15:35.878Z", "parent": 10}}, {"model": "files.directory", "pk": 13, "fields": {"project": null, "name": "sakr3", "created_at": "2017-07-04T23:20:27.916Z", "parent": 10}}, {"model": "files.file", "pk": 1, "fields": {"directory": 1, "file_type": "arxml", "name": "Composition", "created_at": "2017-07-04T22:51:23.013Z"}}, {"model": "files.file", "pk": 2, "fields": {"directory": 1, "file_type": "arxml", "name": "DataTypesAndInterfaces", "created_at": "2017-07-04T22:51:23.027Z"}}, {"model": "files.file", "pk": 3, "fields": {"directory": 2, "file_type": "arxml", "name": "Composition", "created_at": "2017-07-04T22:52:16.607Z"}}, {"model": "files.file", "pk": 4, "fields": {"directory": 2, "file_type": "arxml", "name": "DataTypesAndInterfaces", "created_at": "2017-07-04T22:52:16.619Z"}}, {"model": "files.file", "pk": 5, "fields": {"directory": 3, "file_type": "arxml", "name": "Composition", "created_at": "2017-07-04T22:53:00.464Z"}}, {"model": "files.file", "pk": 6, "fields": {"directory": 3, "file_type": "arxml", "name": "DataTypesAndInterfaces", "created_at": "2017-07-04T22:53:00.475Z"}}, {"model": "files.file", "pk": 7, "fields": {"directory": 4, "file_type": "arxml", "name": "Composition", "created_at": "2017-07-04T22:53:50.764Z"}}, {"model": "files.file", "pk": 8, "fields": {"directory": 4, "file_type": "arxml", "name": "DataTypesAndInterfaces", "created_at": "2017-07-04T22:53:50.776Z"}}, {"model": "files.file", "pk": 9, "fields": {"directory": 5, "file_type": "arxml", "name": "Composition", "created_at": "2017-07-04T22:55:03.504Z"}}, {"model": "files.file", "pk": 10, "fields": {"directory": 5, "file_type": "arxml", "name": "DataTypesAndInterfaces", "created_at": "2017-07-04T22:55:03.517Z"}}, {"model": "files.file", "pk": 11, "fields": {"directory": 6, "file_type": "arxml", "name": "Composition", "created_at": "2017-07-04T22:56:55.128Z"}}, {"model": "files.file", "pk": 12, "fields": {"directory": 6, "file_type": "arxml", "name": "DataTypesAndInterfaces", "created_at": "2017-07-04T22:56:55.139Z"}}, {"model": "files.file", "pk": 13, "fields": {"directory": 7, "file_type": "arxml", "name": "Composition", "created_at": "2017-07-04T22:57:21.027Z"}}, {"model": "files.file", "pk": 14, "fields": {"directory": 7, "file_type": "arxml", "name": "DataTypesAndInterfaces", "created_at": "2017-07-04T22:57:21.038Z"}}, {"model": "files.file", "pk": 15, "fields": {"directory": 8, "file_type": "arxml", "name": "Composition", "created_at": "2017-07-04T22:57:45.927Z"}}, {"model": "files.file", "pk": 16, "fields": {"directory": 8, "file_type": "arxml", "name": "DataTypesAndInterfaces", "created_at": "2017-07-04T22:57:45.938Z"}}, {"model": "files.file", "pk": 17, "fields": {"directory": 9, "file_type": "arxml", "name": "Composition", "created_at": "2017-07-04T23:00:42.973Z"}}, {"model": "files.file", "pk": 18, "fields": {"directory": 9, "file_type": "arxml", "name": "DataTypesAndInterfaces", "created_at": "2017-07-04T23:00:42.987Z"}}, {"model": "files.file", "pk": 19, "fields": {"directory": 10, "file_type": "arxml", "name": "Composition", "created_at": "2017-07-04T23:01:33.284Z"}}, {"model": "files.file", "pk": 20, "fields": {"directory": 10, "file_type": "arxml", "name": "DataTypesAndInterfaces", "created_at": "2017-07-04T23:01:33.303Z"}}, {"model": "files.file", "pk": 22, "fields": {"directory": 11, "file_type": "h", "name": "rtetypes", "created_at": "2017-07-04T23:14:40.598Z"}}, {"model": "files.file", "pk": 23, "fields": {"directory": 11, "file_type": "h", "name": "sakr_datatypes", "created_at": "2017-07-04T23:14:40.614Z"}}, {"model": "files.file", "pk": 24, "fields": {"directory": 11, "file_type": "h", "name": "sakr_rte", "created_at": "2017-07-04T23:14:40.627Z"}}, {"model": "files.file", "pk": 25, "fields": {"directory": 11, "file_type": "c", "name": "sakr_runnables", "created_at": "2017-07-04T23:14:40.638Z"}}, {"model": "files.file", "pk": 26, "fields": {"directory": 10, "file_type": "arxml", "name": "sakr2", "created_at": "2017-07-04T23:15:35.867Z"}}, {"model": "files.file", "pk": 27, "fields": {"directory": 12, "file_type": "h", "name": "rtetypes", "created_at": "2017-07-04T23:15:35.889Z"}}, {"model": "files.file", "pk": 28, "fields": {"directory": 12, "file_type": "h", "name": "sakr2_datatypes", "created_at": "2017-07-04T23:15:35.902Z"}}, {"model": "files.file", "pk": 29, "fields": {"directory": 12, "file_type": "h", "name": "sakr2_rte", "created_at": "2017-07-04T23:15:35.914Z"}}, {"model": "files.file", "pk": 30, "fields": {"directory": 12, "file_type": "c", "name": "sakr2_runnables", "created_at": "2017-07-04T23:15:35.925Z"}}, {"model": "files.file", "pk": 31, "fields": {"directory": 10, "file_type": "arxml", "name": "sakr3", "created_at": "2017-07-04T23:20:27.904Z"}}, {"model": "files.file", "pk": 32, "fields": {"directory": 13, "file_type": "h", "name": "rtetypes", "created_at": "2017-07-04T23:20:27.928Z"}}, {"model": "files.file", "pk": 33, "fields": {"directory": 13, "file_type": "h", "name": "sakr3_datatypes", "created_at": "2017-07-04T23:20:27.943Z"}}, {"model": "files.file", "pk": 34, "fields": {"directory": 13, "file_type": "h", "name": "sakr3_rte", "created_at": "2017-07-04T23:20:27.955Z"}}, {"model": "files.file", "pk": 35, "fields": {"directory": 13, "file_type": "c", "name": "sakr3_runnables", "created_at": "2017-07-04T23:20:27.967Z"}}, {"model": "arxml.package", "pk": 1, "fields": {"project": 1, "uid": "4d78e958-610b-11e7-b4cb-804ad95c57a6", "subpackage_uid": "4d78e959-610b-11e7-97e7-804ad95c57a6", "interfaces_file": 2}}, {"model": "arxml.package", "pk": 2, "fields": {"project": 2, "uid": "6d6a789e-610b-11e7-916f-804ad95c57a6", "subpackage_uid": "6d6a789f-610b-11e7-a5a5-804ad95c57a6", "interfaces_file": 4}}, {"model": "arxml.package", "pk": 3, "fields": {"project": 3, "uid": "878e722e-610b-11e7-bee1-804ad95c57a6", "subpackage_uid": "878e722f-610b-11e7-a227-804ad95c57a6", "interfaces_file": 6}}, {"model": "arxml.package", "pk": 4, "fields": {"project": 4, "uid": "a589a800-610b-11e7-8c7f-804ad95c57a6", "subpackage_uid": "a589a801-610b-11e7-90a7-804ad95c57a6", "interfaces_file": 8}}, {"model": "arxml.package", "pk": 5, "fields": {"project": 5, "uid": "d0e4d1c8-610b-11e7-ad55-804ad95c57a6", "subpackage_uid": "d0e4f8dc-610b-11e7-b83c-804ad95c57a6", "interfaces_file": 10}}, {"model": "arxml.package", "pk": 6, "fields": {"project": 6, "uid": "136d04d4-610c-11e7-b304-804ad95c57a6", "subpackage_uid": "136d2afe-610c-11e7-8614-804ad95c57a6", "interfaces_file": 12}}, {"model": "arxml.package", "pk": 7, "fields": {"project": 7, "uid": "22dce01e-610c-11e7-83a6-804ad95c57a6", "subpackage_uid": "22dce01f-610c-11e7-8204-804ad95c57a6", "interfaces_file": 14}}, {"model": "arxml.package", "pk": 8, "fields": {"project": 8, "uid": "31b47e28-610c-11e7-bc1e-804ad95c57a6", "subpackage_uid": "31b47e29-610c-11e7-af9a-804ad95c57a6", "interfaces_file": 16}}, {"model": "arxml.package", "pk": 9, "fields": {"project": 9, "uid": "9b3be152-610c-11e7-a523-804ad95c57a6", "subpackage_uid": "9b3be153-610c-11e7-8270-804ad95c57a6", "interfaces_file": 18}}, {"model": "arxml.package", "pk": 10, "fields": {"project": 10, "uid": "b9398bd2-610c-11e7-8fb8-804ad95c57a6", "subpackage_uid": "b9398bd3-610c-11e7-9aa3-804ad95c57a6", "interfaces_file": 20}}, {"model": "arxml.softwarecomponent", "pk": 1, "fields": {"package": 10, "name": "sakr2", "uid": "af77d4d8-610e-11e7-a3f6-804ad95c57a6", "implementation_uid": "af77d4d9-610e-11e7-b785-804ad95c57a6", "behavior_uid": "af77d4da-610e-11e7-b275-804ad95c57a6", "composition": 1, "file": 26, "rte_datatypes_file": 27, "datatypes_file": 28, "rte_file": 29, "runnables_file": 30, "child_directory": 12, "x": 1.21, "y": 1.1234134}}, {"model": "arxml.softwarecomponent", "pk": 2, "fields": {"package": 10, "name": "sakr3", "uid": "5d8a3940-610f-11e7-92b7-804ad95c57a6", "implementation_uid": "5d8a3941-610f-11e7-ae7b-804ad95c57a6", "behavior_uid": "5d8a3942-610f-11e7-959b-804ad95c57a6", "composition": 1, "file": 31, "rte_datatypes_file": 32, "datatypes_file": 33, "rte_file": 34, "runnables_file": 35, "child_directory": 13, "x": 1.21, "y": 1.1234134}}, {"model": "arxml.composition", "pk": 1, "fields": {"uid": "b93c45ca-610c-11e7-98fe-804ad95c57a6", "file": 19, "project": 10}}, {"model": "auth.permission", "pk": 1, "fields": {"name": "Can add log entry", "content_type": 1, "codename": "add_logentry"}}, {"model": "auth.permission", "pk": 2, "fields": {"name": "Can change log entry", "content_type": 1, "codename": "change_logentry"}}, {"model": "auth.permission", "pk": 3, "fields": {"name": "Can delete log entry", "content_type": 1, "codename": "delete_logentry"}}, {"model": "auth.permission", "pk": 4, "fields": {"name": "Can add permission", "content_type": 2, "codename": "add_permission"}}, {"model": "auth.permission", "pk": 5, "fields": {"name": "Can change permission", "content_type": 2, "codename": "change_permission"}}, {"model": "auth.permission", "pk": 6, "fields": {"name": "Can delete permission", "content_type": 2, "codename": "delete_permission"}}, {"model": "auth.permission", "pk": 7, "fields": {"name": "Can add group", "content_type": 3, "codename": "add_group"}}, {"model": "auth.permission", "pk": 8, "fields": {"name": "Can change group", "content_type": 3, "codename": "change_group"}}, {"model": "auth.permission", "pk": 9, "fields": {"name": "Can delete group", "content_type": 3, "codename": "delete_group"}}, {"model": "auth.permission", "pk": 10, "fields": {"name": "Can add user", "content_type": 4, "codename": "add_user"}}, {"model": "auth.permission", "pk": 11, "fields": {"name": "Can change user", "content_type": 4, "codename": "change_user"}}, {"model": "auth.permission", "pk": 12, "fields": {"name": "Can delete user", "content_type": 4, "codename": "delete_user"}}, {"model": "auth.permission", "pk": 13, "fields": {"name": "Can add content type", "content_type": 5, "codename": "add_contenttype"}}, {"model": "auth.permission", "pk": 14, "fields": {"name": "Can change content type", "content_type": 5, "codename": "change_contenttype"}}, {"model": "auth.permission", "pk": 15, "fields": {"name": "Can delete content type", "content_type": 5, "codename": "delete_contenttype"}}, {"model": "auth.permission", "pk": 16, "fields": {"name": "Can add session", "content_type": 6, "codename": "add_session"}}, {"model": "auth.permission", "pk": 17, "fields": {"name": "Can change session", "content_type": 6, "codename": "change_session"}}, {"model": "auth.permission", "pk": 18, "fields": {"name": "Can delete session", "content_type": 6, "codename": "delete_session"}}, {"model": "auth.permission", "pk": 19, "fields": {"name": "Can add directory", "content_type": 7, "codename": "add_directory"}}, {"model": "auth.permission", "pk": 20, "fields": {"name": "Can change directory", "content_type": 7, "codename": "change_directory"}}, {"model": "auth.permission", "pk": 21, "fields": {"name": "Can delete directory", "content_type": 7, "codename": "delete_directory"}}, {"model": "auth.permission", "pk": 22, "fields": {"name": "Can add file", "content_type": 8, "codename": "add_file"}}, {"model": "auth.permission", "pk": 23, "fields": {"name": "Can change file", "content_type": 8, "codename": "change_file"}}, {"model": "auth.permission", "pk": 24, "fields": {"name": "Can delete file", "content_type": 8, "codename": "delete_file"}}, {"model": "auth.permission", "pk": 25, "fields": {"name": "Can add project", "content_type": 9, "codename": "add_project"}}, {"model": "auth.permission", "pk": 26, "fields": {"name": "Can change project", "content_type": 9, "codename": "change_project"}}, {"model": "auth.permission", "pk": 27, "fields": {"name": "Can delete project", "content_type": 9, "codename": "delete_project"}}, {"model": "auth.permission", "pk": 28, "fields": {"name": "Can add Token", "content_type": 10, "codename": "add_token"}}, {"model": "auth.permission", "pk": 29, "fields": {"name": "Can change Token", "content_type": 10, "codename": "change_token"}}, {"model": "auth.permission", "pk": 30, "fields": {"name": "Can delete Token", "content_type": 10, "codename": "delete_token"}}, {"model": "auth.permission", "pk": 31, "fields": {"name": "Can add composition", "content_type": 11, "codename": "add_composition"}}, {"model": "auth.permission", "pk": 32, "fields": {"name": "Can change composition", "content_type": 11, "codename": "change_composition"}}, {"model": "auth.permission", "pk": 33, "fields": {"name": "Can delete composition", "content_type": 11, "codename": "delete_composition"}}, {"model": "auth.permission", "pk": 34, "fields": {"name": "Can add connector", "content_type": 12, "codename": "add_connector"}}, {"model": "auth.permission", "pk": 35, "fields": {"name": "Can change connector", "content_type": 12, "codename": "change_connector"}}, {"model": "auth.permission", "pk": 36, "fields": {"name": "Can delete connector", "content_type": 12, "codename": "delete_connector"}}, {"model": "auth.permission", "pk": 37, "fields": {"name": "Can add data access", "content_type": 13, "codename": "add_dataaccess"}}, {"model": "auth.permission", "pk": 38, "fields": {"name": "Can change data access", "content_type": 13, "codename": "change_dataaccess"}}, {"model": "auth.permission", "pk": 39, "fields": {"name": "Can delete data access", "content_type": 13, "codename": "delete_dataaccess"}}, {"model": "auth.permission", "pk": 40, "fields": {"name": "Can add data element", "content_type": 14, "codename": "add_dataelement"}}, {"model": "auth.permission", "pk": 41, "fields": {"name": "Can change data element", "content_type": 14, "codename": "change_dataelement"}}, {"model": "auth.permission", "pk": 42, "fields": {"name": "Can delete data element", "content_type": 14, "codename": "delete_dataelement"}}, {"model": "auth.permission", "pk": 43, "fields": {"name": "Can add data element ref", "content_type": 15, "codename": "add_dataelementref"}}, {"model": "auth.permission", "pk": 44, "fields": {"name": "Can change data element ref", "content_type": 15, "codename": "change_dataelementref"}}, {"model": "auth.permission", "pk": 45, "fields": {"name": "Can delete data element ref", "content_type": 15, "codename": "delete_dataelementref"}}, {"model": "auth.permission", "pk": 46, "fields": {"name": "Can add data type", "content_type": 16, "codename": "add_datatype"}}, {"model": "auth.permission", "pk": 47, "fields": {"name": "Can change data type", "content_type": 16, "codename": "change_datatype"}}, {"model": "auth.permission", "pk": 48, "fields": {"name": "Can delete data type", "content_type": 16, "codename": "delete_datatype"}}, {"model": "auth.permission", "pk": 49, "fields": {"name": "Can add interface", "content_type": 17, "codename": "add_interface"}}, {"model": "auth.permission", "pk": 50, "fields": {"name": "Can change interface", "content_type": 17, "codename": "change_interface"}}, {"model": "auth.permission", "pk": 51, "fields": {"name": "Can delete interface", "content_type": 17, "codename": "delete_interface"}}, {"model": "auth.permission", "pk": 52, "fields": {"name": "Can add package", "content_type": 18, "codename": "add_package"}}, {"model": "auth.permission", "pk": 53, "fields": {"name": "Can change package", "content_type": 18, "codename": "change_package"}}, {"model": "auth.permission", "pk": 54, "fields": {"name": "Can delete package", "content_type": 18, "codename": "delete_package"}}, {"model": "auth.permission", "pk": 55, "fields": {"name": "Can add port", "content_type": 19, "codename": "add_port"}}, {"model": "auth.permission", "pk": 56, "fields": {"name": "Can change port", "content_type": 19, "codename": "change_port"}}, {"model": "auth.permission", "pk": 57, "fields": {"name": "Can delete port", "content_type": 19, "codename": "delete_port"}}, {"model": "auth.permission", "pk": 58, "fields": {"name": "Can add runnable", "content_type": 20, "codename": "add_runnable"}}, {"model": "auth.permission", "pk": 59, "fields": {"name": "Can change runnable", "content_type": 20, "codename": "change_runnable"}}, {"model": "auth.permission", "pk": 60, "fields": {"name": "Can delete runnable", "content_type": 20, "codename": "delete_runnable"}}, {"model": "auth.permission", "pk": 61, "fields": {"name": "Can add software component", "content_type": 21, "codename": "add_softwarecomponent"}}, {"model": "auth.permission", "pk": 62, "fields": {"name": "Can change software component", "content_type": 21, "codename": "change_softwarecomponent"}}, {"model": "auth.permission", "pk": 63, "fields": {"name": "Can delete software component", "content_type": 21, "codename": "delete_softwarecomponent"}}, {"model": "auth.permission", "pk": 64, "fields": {"name": "Can add timing event", "content_type": 22, "codename": "add_timingevent"}}, {"model": "auth.permission", "pk": 65, "fields": {"name": "Can change timing event", "content_type": 22, "codename": "change_timingevent"}}, {"model": "auth.permission", "pk": 66, "fields": {"name": "Can delete timing event", "content_type": 22, "codename": "delete_timingevent"}}, {"model": "auth.user", "pk": 1, "fields": {"password": "pbkdf2_sha256$36000$IQ5TnP11cDE3$uchDTlAvKfe3tZrxky2LVBxz6qclIUSqJkiUAUhqTAU=", "last_login": "2017-07-04T22:50:25.726Z", "is_superuser": true, "username": "admin", "first_name": "", "last_name": "", "email": "razorshift@yahoo.com", "is_staff": true, "is_active": true, "date_joined": "2017-07-04T22:50:17.238Z", "groups": [], "user_permissions": []}}, {"model": "files.project", "pk": 1, "fields": {"name": "sakr3", "user": 1, "created_at": "2017-07-04T22:51:22.989Z"}}, {"model": "files.project", "pk": 2, "fields": {"name": "sakr4", "user": 1, "created_at": "2017-07-04T22:52:16.573Z"}}, {"model": "files.project", "pk": 3, "fields": {"name": "sakr5", "user": 1, "created_at": "2017-07-04T22:53:00.443Z"}}, {"model": "files.project", "pk": 4, "fields": {"name": "sakr6", "user": 1, "created_at": "2017-07-04T22:53:50.734Z"}}, {"model": "files.project", "pk": 5, "fields": {"name": "sakr7", "user": 1, "created_at": "2017-07-04T22:55:03.482Z"}}, {"model": "files.project", "pk": 6, "fields": {"name": "sakr8", "user": 1, "created_at": "2017-07-04T22:56:55.109Z"}}, {"model": "files.project", "pk": 7, "fields": {"name": "sakr9", "user": 1, "created_at": "2017-07-04T22:57:21.007Z"}}, {"model": "files.project", "pk": 8, "fields": {"name": "sakr10", "user": 1, "created_at": "2017-07-04T22:57:45.898Z"}}, {"model": "files.project", "pk": 9, "fields": {"name": "sakr11", "user": 1, "created_at": "2017-07-04T23:00:42.945Z"}}, {"model": "files.project", "pk": 10, "fields": {"name": "sakr12", "user": 1, "created_at": "2017-07-04T23:01:33.248Z"}}, {"model": "authtoken.token", "pk": "c7aed2d669185df2ae09cf25fb4d039c7619463c", "fields": {"user": 1, "created": "2017-07-04T22:50:37.773Z"}}, {"model": "admin.logentry", "pk": 1, "fields": {"action_time": "2017-07-04T22:50:37.775Z", "user": 1, "content_type": 10, "object_id": "c7aed2d669185df2ae09cf25fb4d039c7619463c", "object_repr": "c7aed2d669185df2ae09cf25fb4d039c7619463c", "action_flag": 1, "change_message": "[{\"added\": {}}]"}}]